Agency,Mode,Date,Week Number,Current,Baseline,Lowest
New York City MTA Rail,Transit,10/03/2020,41,995899,3236066,140455
New York City MTA Rail,Transit,10/04/2020,41,852411,2755182,140455
New York City MTA Rail,Transit,10/05/2020,41,1636314,5847307,140455
New York City MTA Rail,Transit,10/06/2020,41,1984511,5988704,140455
New York City MTA Rail,Transit,10/07/2020,41,1738352,5154704,140455
New York City MTA Rail,Transit,10/08/2020,41,2186717,6227273,140455
New York City MTA Rail,Transit,10/09/2020,41,1741426,6111806,140455
WMATA Bus and Rail,Transit,08/24/2020,35,238000,998984,51000
WMATA Bus and Rail,Transit,08/25/2020,35,240000,1042308,51000
WMATA Bus and Rail,Transit,08/26/2020,35,244000,1048984,51000
WMATA Bus and Rail,Transit,08/27/2020,35,247000,1032885,51000
WMATA Bus and Rail,Transit,08/28/2020,35,291000,952222,51000
WMATA Bus and Rail,Transit,08/29/2020,35,157000,484259,51000
WMATA Bus and Rail,Transit,10/05/2020,41,270000,1078388,51000
WMATA Bus and Rail,Transit,10/06/2020,41,270000,1148810,51000
WMATA Bus and Rail,Transit,10/07/2020,41,273000,1117399,51000
WMATA Bus and Rail,Transit,10/08/2020,41,279000,1121109,51000
WMATA Bus and Rail,Transit,10/09/2020,41,276000,1042236,51000
WMATA Bus and Rail,Transit,10/10/2020,41,187000,520263,51000
WMATA Bus and Rail,Transit,10/11/2020,41,127000,394737,51000
WMATA Bus and Rail,Transit,08/30/2020,35,129000,368077,51000
New York City MTA Rail,Transit,08/22/2020,35,1082606,3488113,140455
New York City MTA Rail,Transit,08/23/2020,35,675419,2545218,140455
New York City MTA Rail,Transit,08/24/2020,35,1483556,5029782,140455
New York City MTA Rail,Transit,08/25/2020,35,1400331,5437461,140455
New York City MTA Rail,Transit,08/26/2020,35,1388488,5479713,140455
New York City MTA Rail,Transit,08/27/2020,35,1363216,5528832,140455
New York City MTA Rail,Transit,08/28/2020,35,1357225,5109696,140455
New York City MTA Rail,Transit,08/29/2020,36,669690,2591019,140455
New York City MTA Rail,Transit,08/30/2020,36,735243,2761534,140455
New York City MTA Rail,Transit,08/31/2020,36,1974168,2388754,140455
New York City MTA Rail,Transit,09/01/2020,36,1620035,5422738,140455
New York City MTA Rail,Transit,09/02/2020,36,1473490,5769264,140455
New York City MTA Rail,Transit,09/03/2020,36,1758454,5999663,140455
New York City MTA Rail,Transit,09/04/2020,36,1675506,5892265,140455
New York City MTA Rail,Transit,09/05/2020,37,989391,2858917,140455
New York City MTA Rail,Transit,09/06/2020,37,817391,3205860,140455
New York City MTA Rail,Transit,09/07/2020,37,986336,5817832,140455
New York City MTA Rail,Transit,09/08/2020,37,2049596,6128973,140455
New York City MTA Rail,Transit,09/09/2020,37,2878570,6197334,140455
New York City MTA Rail,Transit,09/10/2020,37,1535418,6217922,140455
New York City MTA Rail,Transit,09/11/2020,37,1628880,6072583,140455
San Francisco BART Rail,Transit,10/05/2020,41,50086,425900,7582
San Francisco BART Rail,Transit,10/06/2020,41,52126,425900,7582
San Francisco BART Rail,Transit,10/07/2020,41,52639,425900,7582
San Francisco BART Rail,Transit,10/08/2020,41,52685,425900,7582
San Francisco BART Rail,Transit,10/09/2020,41,52860,425900,7582
San Francisco BART Rail,Transit,10/10/2020,41,29692,161700,7582
San Francisco BART Rail,Transit,10/11/2020,41,21871,111200,7582
New York City MTA Rail,Transit,09/12/2020,38,927077,2785261,140455
New York City MTA Rail,Transit,09/13/2020,38,801455,2765433,140455
New York City MTA Rail,Transit,09/14/2020,38,1570081,5946144,140455
New York City MTA Rail,Transit,09/15/2020,38,1643680,6754002,140455
New York City MTA Rail,Transit,09/16/2020,38,1917412,6348404,140455
New York City MTA Rail,Transit,09/17/2020,38,1669445,6292967,140455
New York City MTA Rail,Transit,09/18/2020,38,2183661,6199990,140455
New York City MTA Rail,Transit,09/19/2020,39,971839,2964680,140455
New York City MTA Rail,Transit,09/20/2020,39,827623,2839125,140455
New York City MTA Rail,Transit,09/21/2020,39,1575634,5871244,140455
New York City MTA Rail,Transit,09/22/2020,39,1660391,6237204,140455
New York City MTA Rail,Transit,09/23/2020,39,1701832,6312918,140455
New York City MTA Rail,Transit,09/24/2020,39,1692898,6344595,140455
New York City MTA Rail,Transit,09/25/2020,39,1703860,6115407,140455
San Francisco BART Rail,Transit,09/21/2020,39,47864,426300,7582
San Francisco BART Rail,Transit,09/22/2020,39,50240,426300,7582
San Francisco BART Rail,Transit,09/23/2020,39,51343,426300,7582
San Francisco BART Rail,Transit,09/24/2020,39,51174,426300,7582
San Francisco BART Rail,Transit,09/25/2020,39,51085,426300,7582
San Francisco BART Rail,Transit,09/26/2020,39,28242,153400,7582
San Francisco BART Rail,Transit,09/27/2020,39,20579,108800,7582
New York City MTA Rail,Transit,09/26/2020,40,957690,2864331,140455
New York City MTA Rail,Transit,09/27/2020,40,1149869,2763808,140455
New York City MTA Rail,Transit,09/28/2020,40,1453830,4999365,140455
New York City MTA Rail,Transit,09/29/2020,40,1638674,5414099,140455
New York City MTA Rail,Transit,09/30/2020,40,2288189,6190176,140455
New York City MTA Rail,Transit,10/01/2020,40,1770601,6267423,140455
New York City MTA Rail,Transit,10/02/2020,40,1715381,6215560,140455
San Francisco BART Rail,Transit,08/24/2020,35,44347,415000,7582
San Francisco BART Rail,Transit,08/25/2020,35,46321,415000,7582
San Francisco BART Rail,Transit,08/26/2020,35,46899,415000,7582
San Francisco BART Rail,Transit,08/27/2020,35,47282,415000,7582
San Francisco BART Rail,Transit,08/28/2020,35,46394,415000,7582
San Francisco BART Rail,Transit,08/29/2020,35,24322,156900,7582
San Francisco BART Rail,Transit,08/30/2020,35,18234,103000,7582
WMATA Bus and Rail,Transit,08/31/2020,36,228000,1053431,51000
WMATA Bus and Rail,Transit,09/01/2020,36,251000,1099561,51000
WMATA Bus and Rail,Transit,09/02/2020,36,257000,1103333,51000
WMATA Bus and Rail,Transit,09/03/2020,36,247000,1100439,51000
WMATA Bus and Rail,Transit,09/04/2020,36,265000,1117886,51000
WMATA Bus and Rail,Transit,09/05/2020,36,176000,451542,51000
WMATA Bus and Rail,Transit,09/06/2020,36,138000,324934,51000
WMATA Bus and Rail,Transit,09/07/2020,37,153000,321227,51000
WMATA Bus and Rail,Transit,09/08/2020,37,252000,1119298,51000
WMATA Bus and Rail,Transit,09/09/2020,37,252000,1101923,51000
WMATA Bus and Rail,Transit,09/10/2020,37,237000,1119656,51000
WMATA Bus and Rail,Transit,09/11/2020,37,269000,1061189,51000
WMATA Bus and Rail,Transit,09/12/2020,37,176000,498830,51000
WMATA Bus and Rail,Transit,09/13/2020,37,133000,356667,51000
WMATA Bus and Rail,Transit,09/14/2020,38,253000,1098718,51000
WMATA Bus and Rail,Transit,09/15/2020,38,253000,1098718,51000
WMATA Bus and Rail,Transit,09/16/2020,38,265000,1158333,51000
WMATA Bus and Rail,Transit,09/17/2020,38,246000,1012165,51000
WMATA Bus and Rail,Transit,09/18/2020,38,270000,1003180,51000
WMATA Bus and Rail,Transit,09/19/2020,38,191000,518546,51000
WMATA Bus and Rail,Transit,09/20/2020,38,138000,351030,51000
WMATA Bus and Rail,Transit,09/21/2020,39,251000,1100000,51000
WMATA Bus and Rail,Transit,09/22/2020,39,262000,1150833,51000
WMATA Bus and Rail,Transit,09/23/2020,39,270000,1152692,51000
WMATA Bus and Rail,Transit,09/24/2020,39,271000,1155192,51000
WMATA Bus and Rail,Transit,09/25/2020,39,273000,1042946,51000
WMATA Bus and Rail,Transit,09/26/2020,39,200000,476246,51000
WMATA Bus and Rail,Transit,09/27/2020,39,146000,355833,51000
WMATA Bus and Rail,Transit,09/28/2020,40,268000,1018182,51000
WMATA Bus and Rail,Transit,09/29/2020,40,261000,1153846,51000
WMATA Bus and Rail,Transit,09/30/2020,40,265000,1164167,51000
WMATA Bus and Rail,Transit,10/01/2020,40,277000,1137899,51000
WMATA Bus and Rail,Transit,10/02/2020,40,285000,1076190,51000
WMATA Bus and Rail,Transit,10/03/2020,40,200000,475823,51000
WMATA Bus and Rail,Transit,10/04/2020,40,145000,380869,51000
San Francisco BART Rail,Transit,08/31/2020,36,45329,415000,7582
San Francisco BART Rail,Transit,09/01/2020,36,47764,426300,7582
San Francisco BART Rail,Transit,09/02/2020,36,48344,426300,7582
San Francisco BART Rail,Transit,09/03/2020,36,49007,426300,7582
San Francisco BART Rail,Transit,09/04/2020,36,47772,426300,7582
San Francisco BART Rail,Transit,09/05/2020,36,25622,153400,7582
San Francisco BART Rail,Transit,09/06/2020,36,18596,108800,7582
San Francisco BART Rail,Transit,09/07/2020,37,19731,107600,7582
San Francisco BART Rail,Transit,09/08/2020,37,47785,426300,7582
San Francisco BART Rail,Transit,09/09/2020,37,45437,426300,7582
San Francisco BART Rail,Transit,09/10/2020,37,46832,426300,7582
San Francisco BART Rail,Transit,09/11/2020,37,45506,426300,7582
San Francisco BART Rail,Transit,09/12/2020,37,22631,153400,7582
San Francisco BART Rail,Transit,09/13/2020,37,9933,108800,7582
San Francisco BART Rail,Transit,09/14/2020,38,45657,426300,7582
San Francisco BART Rail,Transit,09/15/2020,38,48427,426300,7582
San Francisco BART Rail,Transit,09/16/2020,38,49818,426300,7582
San Francisco BART Rail,Transit,09/17/2020,38,50119,426300,7582
San Francisco BART Rail,Transit,09/18/2020,38,49921,426300,7582
San Francisco BART Rail,Transit,09/19/2020,38,26477,153400,7582
San Francisco BART Rail,Transit,09/20/2020,38,19202,108800,7582
San Francisco BART Rail,Transit,09/28/2020,40,47674,426300,7582
San Francisco BART Rail,Transit,09/29/2020,40,51032,426300,7582
San Francisco BART Rail,Transit,09/30/2020,40,51754,426300,7582
San Francisco BART Rail,Transit,10/01/2020,40,52349,426300,7582
San Francisco BART Rail,Transit,10/02/2020,40,51497,426300,7582
San Francisco BART Rail,Transit,10/03/2020,40,28261,161170,28
San Francisco BART Rail,Transit,10/04/2020,40,21309,111200,28
New York City MTA Rail,Transit,12/28/2019,1,2938651,3082870,
New York City MTA Rail,Transit,12/29/2019,1,2676476,4106314,
New York City MTA Rail,Transit,12/30/2019,1,4444717,5373097,
New York City MTA Rail,Transit,12/31/2019,1,4348784,2328371,
New York City MTA Rail,Transit,01/01/2020,1,2580234,5238302,
New York City MTA Rail,Transit,01/02/2020,1,5136600,5527796,
New York City MTA Rail,Transit,01/03/2020,1,5120258,5475224,
New York City MTA Rail,Transit,01/04/2020,2,2600329,2411846,
New York City MTA Rail,Transit,01/05/2020,2,2396871,2338677,
New York City MTA Rail,Transit,01/06/2020,2,5379475,5371932,
New York City MTA Rail,Transit,01/07/2020,2,5464527,5531731,
New York City MTA Rail,Transit,01/08/2020,2,5713331,5692565,
New York City MTA Rail,Transit,01/09/2020,2,5845680,5661621,
New York City MTA Rail,Transit,01/10/2020,2,5629297,5515966,
New York City MTA Rail,Transit,01/11/2020,3,2782140,2551929,
New York City MTA Rail,Transit,01/12/2020,3,2428858,5873950,
New York City MTA Rail,Transit,01/13/2020,3,5386183,5374261,
New York City MTA Rail,Transit,01/14/2020,3,5609839,5633082,
New York City MTA Rail,Transit,01/15/2020,3,5725078,6146828,
New York City MTA Rail,Transit,01/16/2020,3,5819776,5946923,
New York City MTA Rail,Transit,01/17/2020,3,5727712,5430834,
New York City MTA Rail,Transit,01/18/2020,4,2379889,2536428,
New York City MTA Rail,Transit,01/19/2020,4,2347313,1963936,
New York City MTA Rail,Transit,01/20/2020,4,3256390,2859130,
New York City MTA Rail,Transit,01/21/2020,4,5438418,6151864,
New York City MTA Rail,Transit,01/22/2020,4,5609591,5919697,
New York City MTA Rail,Transit,01/23/2020,4,6005593,5584683,
New York City MTA Rail,Transit,01/24/2020,4,5494674,5640998,
New York City MTA Rail,Transit,01/25/2020,5,2354008,2680236,
New York City MTA Rail,Transit,01/26/2020,5,2431548,2356414,
New York City MTA Rail,Transit,01/27/2020,5,5392174,5464113,
New York City MTA Rail,Transit,01/28/2020,5,5773305,6670646,
New York City MTA Rail,Transit,01/29/2020,5,6260425,5932166,
New York City MTA Rail,Transit,01/30/2020,5,5803733,5081514,
New York City MTA Rail,Transit,01/31/2020,5,5516620,5726052,
New York City MTA Rail,Transit,02/01/2020,6,2607225,2791334,
New York City MTA Rail,Transit,02/02/2020,6,2314354,2303027,
New York City MTA Rail,Transit,02/03/2020,6,5518554,5681193,
New York City MTA Rail,Transit,02/04/2020,6,5728260,6108870,
New York City MTA Rail,Transit,02/05/2020,6,5818978,5944635,
New York City MTA Rail,Transit,02/06/2020,6,5885193,5537847,
New York City MTA Rail,Transit,02/07/2020,6,5632952,5811106,
New York City MTA Rail,Transit,02/08/2020,7,2720643,3920650,
New York City MTA Rail,Transit,02/09/2020,7,2946991,2340681,
New York City MTA Rail,Transit,02/10/2020,7,5470473,5880705,
New York City MTA Rail,Transit,02/11/2020,7,5707265,5547093,
New York City MTA Rail,Transit,02/12/2020,7,5746484,6025656,
New York City MTA Rail,Transit,02/13/2020,7,5798316,5994179,
New York City MTA Rail,Transit,02/14/2020,7,5619410,5773162,
New York City MTA Rail,Transit,02/15/2020,8,2527510,2738637,
New York City MTA Rail,Transit,02/16/2020,8,2414968,2636572,
New York City MTA Rail,Transit,02/17/2020,8,3241044,3156695,
New York City MTA Rail,Transit,02/18/2020,8,5282330,5712355,
New York City MTA Rail,Transit,02/19/2020,8,5498884,6143551,
New York City MTA Rail,Transit,02/20/2020,8,5332199,6017853,
New York City MTA Rail,Transit,02/21/2020,8,5281049,6070089,
New York City MTA Rail,Transit,02/22/2020,9,2668795,2683444,
New York City MTA Rail,Transit,02/23/2020,9,2373826,2400293,
New York City MTA Rail,Transit,02/24/2020,9,5483118,5583944,
New York City MTA Rail,Transit,02/25/2020,9,5700694,5877616,
New York City MTA Rail,Transit,02/26/2020,9,5737614,6143551,
New York City MTA Rail,Transit,02/27/2020,9,5843247,6017853,
New York City MTA Rail,Transit,02/28/2020,9,5606217,5734121,
New York City MTA Rail,Transit,02/29/2020,10,3082068,3286628,
New York City MTA Rail,Transit,03/01/2020,10,2295977,2400293,
New York City MTA Rail,Transit,03/02/2020,10,5411090,4449907,
New York City MTA Rail,Transit,03/03/2020,10,5616179,5932869,
New York City MTA Rail,Transit,03/04/2020,10,5546138,6261445,
New York City MTA Rail,Transit,03/05/2020,10,5668892,5964633,
New York City MTA Rail,Transit,03/06/2020,10,5959613,5697265,
New York City MTA Rail,Transit,03/07/2020,11,2563631,2901706,
New York City MTA Rail,Transit,03/08/2020,11,2093701,2164013,
New York City MTA Rail,Transit,03/09/2020,11,4989237,5639104,
New York City MTA Rail,Transit,03/10/2020,11,5072720,5988122,
New York City MTA Rail,Transit,03/11/2020,11,4893865,6135339,
New York City MTA Rail,Transit,03/12/2020,11,4395548,6041526,
New York City MTA Rail,Transit,03/13/2020,11,4195740,5697265,
New York City MTA Rail,Transit,03/14/2020,12,1484072,2867723,
New York City MTA Rail,Transit,03/15/2020,12,1233167,2400293,
New York City MTA Rail,Transit,03/16/2020,12,2293101,5523170,
New York City MTA Rail,Transit,03/17/2020,12,2397780,5859589,
New York City MTA Rail,Transit,03/18/2020,12,1693799,5978977,
New York City MTA Rail,Transit,03/19/2020,12,1521876,6017853,
New York City MTA Rail,Transit,03/20/2020,12,1356471,5660408,
New York City MTA Rail,Transit,03/21/2020,13,576017,2884715,
New York City MTA Rail,Transit,03/22/2020,13,446886,2400293,
New York City MTA Rail,Transit,03/23/2020,13,1408992,5581137,
New York City MTA Rail,Transit,03/24/2020,13,852418,5923856,
New York City MTA Rail,Transit,03/25/2020,13,783246,6057158,
New York City MTA Rail,Transit,03/26/2020,13,1022775,6298276,
New York City MTA Rail,Transit,03/27/2020,13,1290782,5697265,
New York City MTA Rail,Transit,03/28/2020,14,309282,3030373,
New York City MTA Rail,Transit,03/29/2020,14,282601,2507676,
New York City MTA Rail,Transit,03/30/2020,14,562329,5651748,
New York City MTA Rail,Transit,03/31/2020,14,1067735,5923856,
New York City MTA Rail,Transit,04/01/2020,14,578356,6121022,
New York City MTA Rail,Transit,04/02/2020,14,514302,6151593,
New York City MTA Rail,Transit,04/03/2020,14,511399,5898109,
New York City MTA Rail,Transit,04/04/2020,15,432029,2940302,
New York City MTA Rail,Transit,04/05/2020,15,244679,2763961,
New York City MTA Rail,Transit,04/06/2020,15,461045,6616286,
New York City MTA Rail,Transit,04/07/2020,15,459688,6016884,
New York City MTA Rail,Transit,04/08/2020,15,452473,6076890,
New York City MTA Rail,Transit,04/09/2020,15,429835,6393388,
New York City MTA Rail,Transit,04/10/2020,15,425620,5891050,
New York City MTA Rail,Transit,04/11/2020,16,238718,2931739,
New York City MTA Rail,Transit,04/12/2020,16,216594,2711279,
New York City MTA Rail,Transit,04/13/2020,16,376693,5656156,
New York City MTA Rail,Transit,04/14/2020,16,453493,6711233,
New York City MTA Rail,Transit,04/15/2020,16,786984,6179382,
New York City MTA Rail,Transit,04/16/2020,16,447191,6078502,
New York City MTA Rail,Transit,04/17/2020,16,460648,5016597,
New York City MTA Rail,Transit,04/18/2020,17,238667,2529442,
New York City MTA Rail,Transit,04/19/2020,17,337873,2543613,
New York City MTA Rail,Transit,04/20/2020,17,456859,5098861,
New York City MTA Rail,Transit,04/21/2020,17,490448,5623962,
New York City MTA Rail,Transit,04/22/2020,17,486749,5655701,
New York City MTA Rail,Transit,04/23/2020,17,518429,5728748,
New York City MTA Rail,Transit,04/24/2020,17,585511,5307171,
New York City MTA Rail,Transit,04/25/2020,18,353665,3273119,
New York City MTA Rail,Transit,04/26/2020,18,354636,3406639,
New York City MTA Rail,Transit,04/27/2020,18,593639,6054801,
New York City MTA Rail,Transit,04/28/2020,18,627025,6406022,
New York City MTA Rail,Transit,04/29/2020,18,618784,6066956,
New York City MTA Rail,Transit,04/30/2020,18,604853,6559128,
New York City MTA Rail,Transit,05/01/2020,18,593565,5940777,
New York City MTA Rail,Transit,05/02/2020,19,307122,2866675,
New York City MTA Rail,Transit,05/03/2020,19,282063,2580417,
New York City MTA Rail,Transit,05/04/2020,19,537152,5890040,
New York City MTA Rail,Transit,05/05/2020,19,549526,6613421,
New York City MTA Rail,Transit,05/06/2020,19,539581,6078903,
New York City MTA Rail,Transit,05/07/2020,19,559896,6271678,
New York City MTA Rail,Transit,05/08/2020,19,557057,5804985,
New York City MTA Rail,Transit,05/09/2020,20,293959,2872839,
New York City MTA Rail,Transit,05/10/2020,20,289935,2375849,
New York City MTA Rail,Transit,05/11/2020,20,542556,5750732,
New York City MTA Rail,Transit,05/12/2020,20,579078,6006055,
New York City MTA Rail,Transit,05/13/2020,20,784643,7201475,
New York City MTA Rail,Transit,05/14/2020,20,636005,6389261,
New York City MTA Rail,Transit,05/15/2020,20,614793,6261387,
New York City MTA Rail,Transit,05/16/2020,21,333932,3021033,
New York City MTA Rail,Transit,05/17/2020,21,345946,2862137,
New York City MTA Rail,Transit,05/18/2020,21,615389,5712578,
New York City MTA Rail,Transit,05/19/2020,21,640385,5992489,
New York City MTA Rail,Transit,05/20/2020,21,651930,5980164,
New York City MTA Rail,Transit,05/21/2020,21,658685,5804530,
New York City MTA Rail,Transit,05/22/2020,21,663490,6199310,
New York City MTA Rail,Transit,05/23/2020,22,894787,2684961,
New York City MTA Rail,Transit,05/24/2020,22,335030,2742128,
New York City MTA Rail,Transit,05/25/2020,22,410515,2702336,
New York City MTA Rail,Transit,05/26/2020,22,730595,5921824,
New York City MTA Rail,Transit,05/27/2020,22,704593,5977009,
New York City MTA Rail,Transit,05/28/2020,22,687446,5971681,
New York City MTA Rail,Transit,05/29/2020,22,679076,5867595,
New York City MTA Rail,Transit,05/30/2020,23,387815,2786937,
New York City MTA Rail,Transit,05/31/2020,23,706912,2740283,
New York City MTA Rail,Transit,06/01/2020,23,1501184,5649643,
New York City MTA Rail,Transit,06/02/2020,23,738606,5722542,
New York City MTA Rail,Transit,06/03/2020,23,811826,6026310,
New York City MTA Rail,Transit,06/04/2020,23,755025,5914331,
New York City MTA Rail,Transit,06/05/2020,23,730466,6434089,
New York City MTA Rail,Transit,06/06/2020,24,438410,2862596,
New York City MTA Rail,Transit,06/07/2020,24,387613,2807350,
New York City MTA Rail,Transit,06/08/2020,24,817252,5437715,
New York City MTA Rail,Transit,06/09/2020,24,942855,5853556,
New York City MTA Rail,Transit,06/10/2020,24,1273226,6143192,
New York City MTA Rail,Transit,06/11/2020,24,886533,6829820,
New York City MTA Rail,Transit,06/12/2020,24,953874,5866004,
New York City MTA Rail,Transit,06/13/2020,25,149059,2821283,
New York City MTA Rail,Transit,06/14/2020,25,140455,2568105,140455
New York City MTA Rail,Transit,06/15/2020,25,268295,5571801,140455
New York City MTA Rail,Transit,06/16/2020,25,278793,5861447,140455
New York City MTA Rail,Transit,06/17/2020,25,286982,5957320,140455
New York City MTA Rail,Transit,06/18/2020,25,281663,5926592,140455
New York City MTA Rail,Transit,06/19/2020,25,307467,5750826,140455
New York City MTA Rail,Transit,06/20/2020,26,520425,2888638,140455
New York City MTA Rail,Transit,06/21/2020,26,727399,2846638,140455
New York City MTA Rail,Transit,06/22/2020,26,1052598,5581673,140455
New York City MTA Rail,Transit,06/23/2020,26,1067552,5775365,140455
New York City MTA Rail,Transit,06/24/2020,26,1088959,6067226,140455
New York City MTA Rail,Transit,06/25/2020,26,1101660,5895544,140455
New York City MTA Rail,Transit,06/26/2020,26,1113532,5706051,140455
New York City MTA Rail,Transit,06/27/2020,27,550101,3256962,140455
New York City MTA Rail,Transit,06/28/2020,27,552210,3185526,140455
New York City MTA Rail,Transit,06/29/2020,27,1110283,5458085,140455
New York City MTA Rail,Transit,06/30/2020,27,1177376,5576597,140455
New York City MTA Rail,Transit,07/01/2020,27,1141425,5488145,140455
New York City MTA Rail,Transit,07/02/2020,27,1178525,3361484,140455
New York City MTA Rail,Transit,07/03/2020,27,881894,4200301,140455
New York City MTA Rail,Transit,07/04/2020,28,754688,2302214,140455
New York City MTA Rail,Transit,07/05/2020,28,554484,2475853,140455
New York City MTA Rail,Transit,07/06/2020,28,1103525,5300671,140455
New York City MTA Rail,Transit,07/07/2020,28,1168306,5691036,140455
New York City MTA Rail,Transit,07/08/2020,28,1227218,5868024,140455
New York City MTA Rail,Transit,07/09/2020,28,1219196,5835657,140455
New York City MTA Rail,Transit,07/10/2020,28,1070679,5531776,140455
New York City MTA Rail,Transit,07/11/2020,29,617497,2731751,140455
New York City MTA Rail,Transit,07/12/2020,29,622797,2578736,140455
New York City MTA Rail,Transit,07/13/2020,29,1278722,5441536,140455
New York City MTA Rail,Transit,07/14/2020,29,1288482,5798740,140455
New York City MTA Rail,Transit,07/15/2020,29,1315152,5797751,140455
New York City MTA Rail,Transit,07/16/2020,29,1258204,5637973,140455
New York City MTA Rail,Transit,07/17/2020,29,1214306,5406581,140455
New York City MTA Rail,Transit,07/18/2020,30,676928,2325067,140455
New York City MTA Rail,Transit,07/19/2020,30,601673,2348413,140455
New York City MTA Rail,Transit,07/20/2020,30,1159818,5270334,140455
New York City MTA Rail,Transit,07/21/2020,30,1240119,5445156,140455
New York City MTA Rail,Transit,07/22/2020,30,1295567,5787888,140455
New York City MTA Rail,Transit,07/23/2020,30,1267827,6775378,140455
New York City MTA Rail,Transit,07/24/2020,30,1237907,5530844,140455
New York City MTA Rail,Transit,07/25/2020,31,1188929,2698639,140455
New York City MTA Rail,Transit,07/26/2020,31,618556,2775696,140455
New York City MTA Rail,Transit,07/27/2020,31,1221802,5308054,140455
New York City MTA Rail,Transit,07/28/2020,31,1285989,5627459,140455
New York City MTA Rail,Transit,07/29/2020,31,1292031,5662019,140455
New York City MTA Rail,Transit,07/30/2020,31,1499558,6060692,140455
New York City MTA Rail,Transit,07/31/2020,31,1284703,5875527,140455
New York City MTA Rail,Transit,08/01/2020,32,728596,3040750,140455
New York City MTA Rail,Transit,08/02/2020,32,609749,2647716,140455
New York City MTA Rail,Transit,08/03/2020,32,1303816,5317947,140455
New York City MTA Rail,Transit,08/04/2020,32,1044500,5573788,140455
New York City MTA Rail,Transit,08/05/2020,32,1359086,5607694,140455
New York City MTA Rail,Transit,08/06/2020,32,1712425,5601227,140455
New York City MTA Rail,Transit,08/07/2020,32,1288566,5408142,140455
New York City MTA Rail,Transit,08/08/2020,33,720528,2754501,140455
New York City MTA Rail,Transit,08/09/2020,33,719872,2689120,140455
New York City MTA Rail,Transit,08/10/2020,33,1672785,5289073,140455
New York City MTA Rail,Transit,08/11/2020,33,1312528,5409510,140455
New York City MTA Rail,Transit,08/12/2020,33,1298728,5471142,140455
New York City MTA Rail,Transit,08/13/2020,33,1286768,6126954,140455
New York City MTA Rail,Transit,08/14/2020,33,1332474,5264001,140455
New York City MTA Rail,Transit,08/15/2020,34,744186,2690525,140455
New York City MTA Rail,Transit,08/16/2020,34,1271930,3023072,140455
New York City MTA Rail,Transit,08/17/2020,34,1284776,4971270,140455
New York City MTA Rail,Transit,08/18/2020,34,1388213,5786176,140455
New York City MTA Rail,Transit,08/19/2020,34,1279608,6165285,140455
New York City MTA Rail,Transit,08/20/2020,34,1388207,5302034,140455
New York City MTA Rail,Transit,08/21/2020,34,1621278,5045794,140455
WMATA Bus and Rail,Transit,03/17/2020,12,340000,1066667,
WMATA Bus and Rail,Transit,03/18/2020,12,260000,1092905,
WMATA Bus and Rail,Transit,03/19/2020,12,245000,1038739,
WMATA Bus and Rail,Transit,03/20/2020,12,235000,1028846,
WMATA Bus and Rail,Transit,03/21/2020,12,110000,430769,
WMATA Bus and Rail,Transit,03/22/2020,12,63000,334524,
WMATA Bus and Rail,Transit,03/23/2020,13,161000,1010000,
WMATA Bus and Rail,Transit,03/24/2020,13,170000,1089744,
WMATA Bus and Rail,Transit,03/25/2020,13,163000,1085577,
WMATA Bus and Rail,Transit,03/26/2020,13,170000,1142857,
WMATA Bus and Rail,Transit,03/27/2020,13,179000,1018750,
WMATA Bus and Rail,Transit,03/28/2020,13,69000,683333,
WMATA Bus and Rail,Transit,03/29/2020,13,56000,337931,
WMATA Bus and Rail,Transit,03/30/2020,14,156000,1064550,
WMATA Bus and Rail,Transit,03/31/2020,14,141000,1100000,
WMATA Bus and Rail,Transit,04/01/2020,14,151000,1243077,
WMATA Bus and Rail,Transit,04/02/2020,14,150000,1207407,
WMATA Bus and Rail,Transit,04/03/2020,14,161000,1046970,
WMATA Bus and Rail,Transit,04/04/2020,14,68000,658333,
WMATA Bus and Rail,Transit,04/05/2020,14,54000,502222,
WMATA Bus and Rail,Transit,04/06/2020,15,147000,1039744,
WMATA Bus and Rail,Transit,04/07/2020,15,136000,1136667,
WMATA Bus and Rail,Transit,04/08/2020,15,146000,1143077,
WMATA Bus and Rail,Transit,04/09/2020,15,135000,1134783,
WMATA Bus and Rail,Transit,04/10/2020,15,134000,1080000,
WMATA Bus and Rail,Transit,04/11/2020,15,64000,577273,
WMATA Bus and Rail,Transit,04/12/2020,15,51000,331481,51000
WMATA Bus and Rail,Transit,04/13/2020,16,130000,984615,51000
WMATA Bus and Rail,Transit,04/14/2020,16,155000,1100000,51000
WMATA Bus and Rail,Transit,04/15/2020,16,145000,1079310,51000
WMATA Bus and Rail,Transit,04/16/2020,16,144000,1072857,51000
WMATA Bus and Rail,Transit,04/17/2020,16,144000,900000,51000
WMATA Bus and Rail,Transit,04/18/2020,16,65000,517391,51000
WMATA Bus and Rail,Transit,04/19/2020,16,53000,310648,51000
WMATA Bus and Rail,Transit,04/20/2020,17,144000,959524,51000
WMATA Bus and Rail,Transit,04/21/2020,17,144000,1120000,51000
WMATA Bus and Rail,Transit,04/22/2020,17,156000,1164444,51000
WMATA Bus and Rail,Transit,04/23/2020,17,144000,1120000,51000
WMATA Bus and Rail,Transit,04/24/2020,17,143000,1026667,51000
WMATA Bus and Rail,Transit,04/25/2020,17,67000,491667,51000
WMATA Bus and Rail,Transit,04/26/2020,17,52000,366667,51000
WMATA Bus and Rail,Transit,04/27/2020,18,155000,1011905,51000
WMATA Bus and Rail,Transit,04/28/2020,18,155000,1144444,51000
WMATA Bus and Rail,Transit,04/29/2020,18,167000,1204286,51000
WMATA Bus and Rail,Transit,04/30/2020,18,131000,1054783,51000
WMATA Bus and Rail,Transit,05/01/2020,18,177000,1040909,51000
WMATA Bus and Rail,Transit,05/02/2020,18,89000,470833,51000
WMATA Bus and Rail,Transit,05/03/2020,18,53000,263333,51000
WMATA Bus and Rail,Transit,05/04/2020,19,168000,1066667,51000
WMATA Bus and Rail,Transit,05/05/2020,19,168000,1097619,51000
WMATA Bus and Rail,Transit,05/06/2020,19,145000,1140000,51000
WMATA Bus and Rail,Transit,05/07/2020,19,168000,1066667,51000
WMATA Bus and Rail,Transit,05/08/2020,19,157000,1016667,51000
WMATA Bus and Rail,Transit,05/09/2020,19,78000,455769,51000
WMATA Bus and Rail,Transit,05/10/2020,19,64000,282857,51000
WMATA Bus and Rail,Transit,05/11/2020,20,167000,1036022,51000
WMATA Bus and Rail,Transit,05/12/2020,20,158000,1204444,51000
WMATA Bus and Rail,Transit,05/13/2020,20,159000,1078571,51000
WMATA Bus and Rail,Transit,05/14/2020,20,168000,1081609,51000
WMATA Bus and Rail,Transit,05/15/2020,20,169000,1056250,51000
WMATA Bus and Rail,Transit,05/16/2020,20,79000,511429,51000
WMATA Bus and Rail,Transit,05/17/2020,20,54000,335000,51000
WMATA Bus and Rail,Transit,05/18/2020,21,158000,1094872,51000
WMATA Bus and Rail,Transit,05/19/2020,21,160000,1111111,51000
WMATA Bus and Rail,Transit,05/20/2020,21,169000,1098276,51000
WMATA Bus and Rail,Transit,05/21/2020,21,169000,1083333,51000
WMATA Bus and Rail,Transit,05/22/2020,21,153000,963793,51000
WMATA Bus and Rail,Transit,05/23/2020,21,80000,450000,51000
WMATA Bus and Rail,Transit,05/24/2020,21,65000,375000,51000
WMATA Bus and Rail,Transit,05/25/2020,22,78000,412500,51000
WMATA Bus and Rail,Transit,05/26/2020,22,143000,945017,51000
WMATA Bus and Rail,Transit,05/27/2020,22,137000,1018397,51000
WMATA Bus and Rail,Transit,05/28/2020,22,129000,994005,51000
WMATA Bus and Rail,Transit,05/29/2020,22,144000,957513,51000
WMATA Bus and Rail,Transit,05/30/2020,22,72000,434349,51000
WMATA Bus and Rail,Transit,05/31/2020,22,57000,308373,51000
WMATA Bus and Rail,Transit,06/01/2020,23,143000,1068831,51000
WMATA Bus and Rail,Transit,06/02/2020,23,136000,1097857,51000
WMATA Bus and Rail,Transit,06/03/2020,23,151000,1133540,51000
WMATA Bus and Rail,Transit,06/04/2020,23,147000,1106211,51000
WMATA Bus and Rail,Transit,06/05/2020,23,150000,1100595,51000
WMATA Bus and Rail,Transit,06/06/2020,23,104000,577778,51000
WMATA Bus and Rail,Transit,06/07/2020,23,67000,346703,51000
WMATA Bus and Rail,Transit,06/08/2020,24,137000,1039286,51000
WMATA Bus and Rail,Transit,06/09/2020,24,140000,1067500,51000
WMATA Bus and Rail,Transit,06/10/2020,24,139000,1041071,51000
WMATA Bus and Rail,Transit,06/11/2020,24,133000,1080952,51000
WMATA Bus and Rail,Transit,06/12/2020,24,149000,1071739,51000
WMATA Bus and Rail,Transit,06/13/2020,24,78000,371429,51000
WMATA Bus and Rail,Transit,06/14/2020,24,57000,346923,51000
WMATA Bus and Rail,Transit,06/15/2020,25,144000,1016667,51000
WMATA Bus and Rail,Transit,06/16/2020,25,141000,1127922,51000
WMATA Bus and Rail,Transit,06/17/2020,25,137000,1080519,51000
WMATA Bus and Rail,Transit,06/18/2020,25,143000,1098758,51000
WMATA Bus and Rail,Transit,06/19/2020,25,146000,1066848,51000
WMATA Bus and Rail,Transit,06/20/2020,25,66000,521053,51000
WMATA Bus and Rail,Transit,06/21/2020,25,61000,389565,51000
WMATA Bus and Rail,Transit,06/22/2020,26,151000,1070833,51000
WMATA Bus and Rail,Transit,06/23/2020,26,151000,1088587,51000
WMATA Bus and Rail,Transit,06/24/2020,26,156000,1134783,51000
WMATA Bus and Rail,Transit,06/25/2020,26,154000,1100000,51000
WMATA Bus and Rail,Transit,06/26/2020,26,158000,1037333,51000
WMATA Bus and Rail,Transit,06/27/2020,26,82000,480072,51000
WMATA Bus and Rail,Transit,06/28/2020,26,71000,352473,51000
WMATA Bus and Rail,Transit,06/29/2020,27,189000,1053819,51000
WMATA Bus and Rail,Transit,06/30/2020,27,182000,1073333,51000
WMATA Bus and Rail,Transit,07/01/2020,27,199000,1022941,51000
WMATA Bus and Rail,Transit,07/02/2020,27,189000,1036452,51000
WMATA Bus and Rail,Transit,07/03/2020,27,99000,571111,51000
WMATA Bus and Rail,Transit,07/04/2020,27,89000,532500,51000
WMATA Bus and Rail,Transit,07/05/2020,27,70000,333744,51000
WMATA Bus and Rail,Transit,07/06/2020,28,184000,922778,51000
WMATA Bus and Rail,Transit,07/07/2020,28,185000,1139167,51000
WMATA Bus and Rail,Transit,07/08/2020,28,198000,1158712,51000
WMATA Bus and Rail,Transit,07/09/2020,28,184000,1034343,51000
WMATA Bus and Rail,Transit,07/10/2020,28,202000,1052778,51000
WMATA Bus and Rail,Transit,07/11/2020,28,94000,468333,51000
WMATA Bus and Rail,Transit,07/12/2020,28,74000,345906,51000
WMATA Bus and Rail,Transit,07/13/2020,29,188000,1050694,51000
WMATA Bus and Rail,Transit,07/14/2020,29,193000,1082292,51000
WMATA Bus and Rail,Transit,07/15/2020,29,201000,1058333,51000
WMATA Bus and Rail,Transit,07/16/2020,29,190000,1072917,51000
WMATA Bus and Rail,Transit,07/17/2020,29,196000,1044444,51000
WMATA Bus and Rail,Transit,07/18/2020,29,96000,478788,51000
WMATA Bus and Rail,Transit,07/19/2020,29,72000,325408,51000
WMATA Bus and Rail,Transit,07/20/2020,30,179000,1034767,51000
WMATA Bus and Rail,Transit,07/21/2020,30,187000,1063542,51000
WMATA Bus and Rail,Transit,07/22/2020,30,189000,1143750,51000
WMATA Bus and Rail,Transit,07/23/2020,30,198000,1088889,51000
WMATA Bus and Rail,Transit,07/24/2020,30,193000,1038413,51000
WMATA Bus and Rail,Transit,07/25/2020,30,99000,500000,51000
WMATA Bus and Rail,Transit,07/26/2020,30,81000,361765,51000
WMATA Bus and Rail,Transit,07/27/2020,31,194000,1001176,51000
WMATA Bus and Rail,Transit,07/28/2020,31,196000,1103030,51000
WMATA Bus and Rail,Transit,07/29/2020,31,202000,1016111,51000
WMATA Bus and Rail,Transit,07/30/2020,31,192000,1033125,51000
WMATA Bus and Rail,Transit,07/31/2020,31,208000,1064620,51000
WMATA Bus and Rail,Transit,08/01/2020,31,110000,464286,51000
WMATA Bus and Rail,Transit,08/02/2020,31,81000,352381,51000
WMATA Bus and Rail,Transit,08/03/2020,32,199000,1011429,51000
WMATA Bus and Rail,Transit,08/04/2020,32,175000,1056048,51000
WMATA Bus and Rail,Transit,08/05/2020,32,215000,995105,51000
WMATA Bus and Rail,Transit,08/06/2020,32,193000,1023939,51000
WMATA Bus and Rail,Transit,08/07/2020,32,215000,959318,51000
WMATA Bus and Rail,Transit,08/08/2020,32,106000,437121,51000
WMATA Bus and Rail,Transit,08/09/2020,32,82000,335417,51000
WMATA Bus and Rail,Transit,08/10/2020,33,198000,958442,51000
WMATA Bus and Rail,Transit,08/11/2020,33,204000,1025676,51000
WMATA Bus and Rail,Transit,08/12/2020,33,195000,1036970,51000
WMATA Bus and Rail,Transit,08/13/2020,33,190000,989412,51000
WMATA Bus and Rail,Transit,08/14/2020,33,211000,949318,51000
WMATA Bus and Rail,Transit,08/15/2020,33,105000,462121,51000
WMATA Bus and Rail,Transit,08/16/2020,33,84000,335000,51000
WMATA Bus and Rail,Transit,08/17/2020,34,204000,944444,51000
WMATA Bus and Rail,Transit,08/18/2020,34,218000,989912,51000
WMATA Bus and Rail,Transit,08/19/2020,34,213000,1029238,51000
WMATA Bus and Rail,Transit,08/20/2020,34,213000,1002778,51000
WMATA Bus and Rail,Transit,08/21/2020,34,224000,877409,51000
WMATA Bus and Rail,Transit,08/22/2020,34,113000,457639,51000
WMATA Bus and Rail,Transit,08/23/2020,34,114000,319143,51000
San Francisco BART Rail,Transit,03/02/2020,10,379775,399397,
San Francisco BART Rail,Transit,03/03/2020,10,388262,415760,
San Francisco BART Rail,Transit,03/04/2020,10,384382,413275,
San Francisco BART Rail,Transit,03/05/2020,10,375215,417531,
San Francisco BART Rail,Transit,03/06/2020,10,328949,375170,
San Francisco BART Rail,Transit,03/07/2020,10,113388,149954,
San Francisco BART Rail,Transit,03/08/2020,10,74791,94762,
San Francisco BART Rail,Transit,03/09/2020,11,301547,399397,
San Francisco BART Rail,Transit,03/10/2020,11,292192,415760,
San Francisco BART Rail,Transit,03/11/2020,11,268192,413275,
San Francisco BART Rail,Transit,03/12/2020,11,231820,417531,
San Francisco BART Rail,Transit,03/13/2020,11,186605,375170,
San Francisco BART Rail,Transit,03/14/2020,11,58187,149954,
San Francisco BART Rail,Transit,03/15/2020,11,37006,94762,
San Francisco BART Rail,Transit,03/16/2020,12,118572,399397,
San Francisco BART Rail,Transit,03/17/2020,12,54031,415760,
San Francisco BART Rail,Transit,03/18/2020,12,48085,413275,
San Francisco BART Rail,Transit,03/19/2020,12,45915,417531,
San Francisco BART Rail,Transit,03/20/2020,12,42461,375170,
San Francisco BART Rail,Transit,03/21/2020,12,18793,149954,
San Francisco BART Rail,Transit,03/22/2020,12,12737,94762,
San Francisco BART Rail,Transit,03/23/2020,13,34933,399397,
San Francisco BART Rail,Transit,03/24/2020,13,32117,415760,
San Francisco BART Rail,Transit,03/25/2020,13,32625,413275,
San Francisco BART Rail,Transit,03/26/2020,13,31601,417531,
San Francisco BART Rail,Transit,03/27/2020,13,31142,375170,
San Francisco BART Rail,Transit,03/28/2020,13,12389,149954,
San Francisco BART Rail,Transit,03/29/2020,13,9453,94762,
San Francisco BART Rail,Transit,03/30/2020,14,29584,399397,
San Francisco BART Rail,Transit,03/31/2020,14,28877,415760,
San Francisco BART Rail,Transit,04/01/2020,14,29896,403524,
San Francisco BART Rail,Transit,04/02/2020,14,28649,403524,
San Francisco BART Rail,Transit,04/03/2020,14,28965,403524,
San Francisco BART Rail,Transit,04/04/2020,14,11430,153741,
San Francisco BART Rail,Transit,04/05/2020,14,7835,94951,
San Francisco BART Rail,Transit,04/06/2020,15,24909,403524,
San Francisco BART Rail,Transit,04/07/2020,15,26378,403524,
San Francisco BART Rail,Transit,04/08/2020,15,25507,403524,
San Francisco BART Rail,Transit,04/09/2020,15,24688,403524,
San Francisco BART Rail,Transit,04/10/2020,15,24401,403524,
San Francisco BART Rail,Transit,04/11/2020,15,11292,153741,
San Francisco BART Rail,Transit,04/12/2020,15,7582,94951,7582
San Francisco BART Rail,Transit,04/13/2020,16,24271,403524,7582
San Francisco BART Rail,Transit,04/14/2020,16,23890,403524,7582
San Francisco BART Rail,Transit,04/15/2020,16,24498,403524,7582
San Francisco BART Rail,Transit,04/16/2020,16,23779,403524,7582
San Francisco BART Rail,Transit,04/17/2020,16,24006,403524,7582
San Francisco BART Rail,Transit,04/18/2020,16,11249,153741,7582
San Francisco BART Rail,Transit,04/19/2020,16,8205,94951,7582
San Francisco BART Rail,Transit,04/20/2020,17,22997,403524,7582
San Francisco BART Rail,Transit,04/21/2020,17,23277,403524,7582
San Francisco BART Rail,Transit,04/22/2020,17,24205,403524,7582
San Francisco BART Rail,Transit,04/23/2020,17,24093,403524,7582
San Francisco BART Rail,Transit,04/24/2020,17,24530,403524,7582
San Francisco BART Rail,Transit,04/25/2020,17,11895,153741,7582
San Francisco BART Rail,Transit,04/26/2020,17,8763,94951,7582
San Francisco BART Rail,Transit,04/27/2020,18,24209,403524,7582
San Francisco BART Rail,Transit,04/28/2020,18,25007,403524,7582
San Francisco BART Rail,Transit,04/29/2020,18,25302,403524,7582
San Francisco BART Rail,Transit,04/30/2020,18,25687,403524,7582
San Francisco BART Rail,Transit,05/01/2020,18,27074,405999,7582
San Francisco BART Rail,Transit,05/02/2020,18,13163,142863,7582
San Francisco BART Rail,Transit,05/03/2020,18,9963,104177,7582
San Francisco BART Rail,Transit,05/04/2020,19,27070,405999,7582
San Francisco BART Rail,Transit,05/05/2020,19,27562,405999,7582
San Francisco BART Rail,Transit,05/06/2020,19,27768,405999,7582
San Francisco BART Rail,Transit,05/07/2020,19,28113,405999,7582
San Francisco BART Rail,Transit,05/08/2020,19,28220,405999,7582
San Francisco BART Rail,Transit,05/09/2020,19,13679,142863,7582
San Francisco BART Rail,Transit,05/10/2020,19,10221,104177,7582
San Francisco BART Rail,Transit,05/11/2020,20,27408,405999,7582
San Francisco BART Rail,Transit,05/12/2020,20,28173,405999,7582
San Francisco BART Rail,Transit,05/13/2020,20,29119,405999,7582
San Francisco BART Rail,Transit,05/14/2020,20,28966,405999,7582
San Francisco BART Rail,Transit,05/15/2020,20,30170,405999,7582
San Francisco BART Rail,Transit,05/16/2020,20,14484,142863,7582
San Francisco BART Rail,Transit,05/17/2020,20,9980,104177,7582
San Francisco BART Rail,Transit,05/18/2020,21,29555,405999,7582
San Francisco BART Rail,Transit,05/19/2020,21,30978,405999,7582
San Francisco BART Rail,Transit,05/20/2020,21,31271,405999,7582
San Francisco BART Rail,Transit,05/21/2020,21,31384,405999,7582
San Francisco BART Rail,Transit,05/22/2020,21,31376,405999,7582
San Francisco BART Rail,Transit,05/23/2020,21,15186,142863,7582
San Francisco BART Rail,Transit,05/24/2020,21,11720,104177,7582
San Francisco BART Rail,Transit,05/25/2020,22,13133,97535,7582
San Francisco BART Rail,Transit,05/26/2020,22,32527,405999,7582
San Francisco BART Rail,Transit,05/27/2020,22,33004,405999,7582
San Francisco BART Rail,Transit,05/28/2020,22,33681,405999,7582
San Francisco BART Rail,Transit,05/29/2020,22,34152,405999,7582
San Francisco BART Rail,Transit,05/30/2020,22,15568,142863,7582
San Francisco BART Rail,Transit,05/31/2020,22,11924,104177,7582
San Francisco BART Rail,Transit,06/01/2020,23,32142,405460,7582
San Francisco BART Rail,Transit,06/02/2020,23,32711,405460,7582
San Francisco BART Rail,Transit,06/03/2020,23,37911,405460,7582
San Francisco BART Rail,Transit,06/04/2020,23,34725,405460,7582
San Francisco BART Rail,Transit,06/05/2020,23,35404,405460,7582
San Francisco BART Rail,Transit,06/06/2020,23,18021,154457,7582
San Francisco BART Rail,Transit,06/07/2020,23,13339,120876,7582
San Francisco BART Rail,Transit,06/08/2020,24,37361,405460,7582
San Francisco BART Rail,Transit,06/09/2020,24,38406,405460,7582
San Francisco BART Rail,Transit,06/10/2020,24,39235,405460,7582
San Francisco BART Rail,Transit,06/11/2020,24,39676,405460,7582
San Francisco BART Rail,Transit,06/12/2020,24,39177,405460,7582
San Francisco BART Rail,Transit,06/13/2020,24,21186,154457,7582
San Francisco BART Rail,Transit,06/14/2020,24,15364,120876,7582
San Francisco BART Rail,Transit,06/15/2020,25,41832,405460,7582
San Francisco BART Rail,Transit,06/16/2020,25,43515,405460,7582
San Francisco BART Rail,Transit,06/17/2020,25,44268,405460,7582
San Francisco BART Rail,Transit,06/18/2020,25,44528,405460,7582
San Francisco BART Rail,Transit,06/19/2020,25,47163,405460,7582
San Francisco BART Rail,Transit,06/20/2020,25,22908,154457,7582
San Francisco BART Rail,Transit,06/21/2020,25,16413,120876,7582
San Francisco BART Rail,Transit,06/22/2020,26,43671,405460,7582
San Francisco BART Rail,Transit,06/23/2020,26,45289,405460,7582
San Francisco BART Rail,Transit,06/24/2020,26,45321,405460,7582
San Francisco BART Rail,Transit,06/25/2020,26,45045,405460,7582
San Francisco BART Rail,Transit,06/26/2020,26,45002,405460,7582
San Francisco BART Rail,Transit,06/27/2020,26,22997,154457,7582
San Francisco BART Rail,Transit,06/28/2020,26,17640,120876,7582
San Francisco BART Rail,Transit,06/29/2020,27,43863,405460,7582
San Francisco BART Rail,Transit,06/30/2020,27,45628,405460,7582
San Francisco BART Rail,Transit,07/01/2020,27,47183,414900,7582
San Francisco BART Rail,Transit,07/02/2020,27,46450,414900,7582
San Francisco BART Rail,Transit,07/03/2020,27,32725,414900,7582
San Francisco BART Rail,Transit,07/04/2020,27,18568,135500,7582
San Francisco BART Rail,Transit,07/05/2020,27,17169,107700,7582
San Francisco BART Rail,Transit,07/06/2020,28,43928,414900,7582
San Francisco BART Rail,Transit,07/07/2020,28,47220,414900,7582
San Francisco BART Rail,Transit,07/08/2020,28,47231,414900,7582
San Francisco BART Rail,Transit,07/09/2020,28,46946,414900,7582
San Francisco BART Rail,Transit,07/10/2020,28,45972,414900,7582
San Francisco BART Rail,Transit,07/11/2020,28,23874,135500,7582
San Francisco BART Rail,Transit,07/12/2020,28,17777,107700,7582
San Francisco BART Rail,Transit,07/13/2020,29,45336,414900,7582
San Francisco BART Rail,Transit,07/14/2020,29,46264,414900,7582
San Francisco BART Rail,Transit,07/15/2020,29,46456,414900,7582
San Francisco BART Rail,Transit,07/16/2020,29,46021,414900,7582
San Francisco BART Rail,Transit,07/17/2020,29,45652,414900,7582
San Francisco BART Rail,Transit,07/18/2020,29,22612,135500,7582
San Francisco BART Rail,Transit,07/19/2020,29,17258,107700,7582
San Francisco BART Rail,Transit,07/20/2020,30,42089,414900,7582
San Francisco BART Rail,Transit,07/21/2020,30,45290,414900,7582
San Francisco BART Rail,Transit,07/22/2020,30,45712,414900,7582
San Francisco BART Rail,Transit,07/23/2020,30,45847,414900,7582
San Francisco BART Rail,Transit,07/24/2020,30,44300,414900,7582
San Francisco BART Rail,Transit,07/25/2020,30,22791,135500,7582
San Francisco BART Rail,Transit,07/26/2020,30,17185,107700,7582
San Francisco BART Rail,Transit,07/27/2020,31,43318,414900,7582
San Francisco BART Rail,Transit,07/28/2020,31,45085,414900,7582
San Francisco BART Rail,Transit,07/29/2020,31,45918,414900,7582
San Francisco BART Rail,Transit,07/30/2020,31,45899,414900,7582
San Francisco BART Rail,Transit,07/31/2020,31,45818,414900,7582
San Francisco BART Rail,Transit,08/01/2020,31,24892,156900,7582
San Francisco BART Rail,Transit,08/02/2020,31,17192,103000,7582
San Francisco BART Rail,Transit,08/03/2020,32,45111,415000,7582
San Francisco BART Rail,Transit,08/04/2020,32,45897,415000,7582
San Francisco BART Rail,Transit,08/05/2020,32,46389,415000,7582
San Francisco BART Rail,Transit,08/06/2020,32,46782,415000,7582
San Francisco BART Rail,Transit,08/07/2020,32,46015,415000,7582
San Francisco BART Rail,Transit,08/08/2020,32,23595,156900,7582
San Francisco BART Rail,Transit,08/09/2020,32,17962,103000,7582
San Francisco BART Rail,Transit,08/10/2020,33,46149,415000,7582
San Francisco BART Rail,Transit,08/11/2020,33,46425,415000,7582
San Francisco BART Rail,Transit,08/12/2020,33,46863,415000,7582
San Francisco BART Rail,Transit,08/13/2020,33,46740,415000,7582
San Francisco BART Rail,Transit,08/14/2020,33,45321,415000,7582
San Francisco BART Rail,Transit,08/15/2020,33,23380,156900,7582
San Francisco BART Rail,Transit,08/16/2020,33,16006,103000,7582
San Francisco BART Rail,Transit,08/17/2020,34,43891,415000,7582
San Francisco BART Rail,Transit,08/18/2020,34,46699,415000,7582
San Francisco BART Rail,Transit,08/19/2020,34,46316,415000,7582
San Francisco BART Rail,Transit,08/20/2020,34,46162,415000,7582
San Francisco BART Rail,Transit,08/21/2020,34,45449,415000,7582
San Francisco BART Rail,Transit,08/22/2020,34,22486,156900,7582
San Francisco BART Rail,Transit,08/23/2020,34,16462,103000,7582
New York City MTA Rail,Transit,10/10/2020,42,3232065,2918051,140455
New York City MTA Rail,Transit,10/11/2020,42,3642535,2853395,140455
New York City MTA Rail,Transit,10/12/2020,42,2370923,4412627,140455
New York City MTA Rail,Transit,10/13/2020,42,1662252,6036725,140455
New York City MTA Rail,Transit,10/14/2020,42,1786669,6119631,140455
New York City MTA Rail,Transit,10/15/2020,42,1796230,6301386,140455
New York City MTA Rail,Transit,10/16/2020,42,1626375,6580707,140455
San Francisco BART Rail,Transit,10/12/2020,42,45029,425900,7582
San Francisco BART Rail,Transit,10/13/2020,42,52731,425900,7582
San Francisco BART Rail,Transit,10/14/2020,42,53138,425900,7582
San Francisco BART Rail,Transit,10/15/2020,42,54067,425900,7582
San Francisco BART Rail,Transit,10/16/2020,42,53412,425900,7582
San Francisco BART Rail,Transit,10/17/2020,42,30736,161700,7582
San Francisco BART Rail,Transit,10/18/2020,42,21609,111200,7582
WMATA Bus and Rail,Transit,10/12/2020,42,191000,501469,51000
WMATA Bus and Rail,Transit,10/13/2020,42,281000,1159848,51000
WMATA Bus and Rail,Transit,10/14/2020,42,284000,1090865,51000
WMATA Bus and Rail,Transit,10/15/2020,42,282000,1134091,51000
WMATA Bus and Rail,Transit,10/16/2020,42,276000,1027329,51000
WMATA Bus and Rail,Transit,10/17/2020,42,205000,489583,51000
WMATA Bus and Rail,Transit,10/18/2020,42,142000,267629,51000
WMATA Bus and Rail,Transit,10/19/2020,43,264000,1079925,51000
WMATA Bus and Rail,Transit,10/20/2020,43,285000,1084943,51000
WMATA Bus and Rail,Transit,10/21/2020,43,279000,1177519,51000
WMATA Bus and Rail,Transit,10/22/2020,43,279000,1167424,51000
WMATA Bus and Rail,Transit,10/23/2020,43,293000,1126442,51000
WMATA Bus and Rail,Transit,10/24/2020,43,202000,567059,51000
WMATA Bus and Rail,Transit,10/25/2020,43,133000,438462,51000
WMATA Bus and Rail,Transit,10/26/2020,44,269000,1065653,51000
WMATA Bus and Rail,Transit,10/27/2020,44,86000,716667,51000
WMATA Bus and Rail,Transit,10/28/2020,44,265000,1176829,51000
WMATA Bus and Rail,Transit,10/29/2020,44,239000,1051282,51000
WMATA Bus and Rail,Transit,10/30/2020,44,287000,1067021,51000
WMATA Bus and Rail,Transit,10/31/2020,44,201000,708571,51000
WMATA Bus and Rail,Transit,11/01/2020,44,133000,347268,51000
New York City MTA Rail,Transit,10/17/2020,43,1022323,3009820,140455
New York City MTA Rail,Transit,10/18/2020,43,883103,2683258,140455
New York City MTA Rail,Transit,10/19/2020,43,1987405,5760506,140455
New York City MTA Rail,Transit,10/20/2020,43,1739107,6079880,140455
New York City MTA Rail,Transit,10/21/2020,43,1767784,6291373,140455
New York City MTA Rail,Transit,10/22/2020,43,1770421,6382560,140455
New York City MTA Rail,Transit,10/23/2020,43,1763446,6142993,140455
New York City MTA Rail,Transit,10/24/2020,44,996761,2978250,140455
New York City MTA Rail,Transit,10/25/2020,44,868974,2427404,140455
New York City MTA Rail,Transit,10/26/2020,44,1907502,6278788,140455
New York City MTA Rail,Transit,10/27/2020,44,2538597,6230765,140455
New York City MTA Rail,Transit,10/28/2020,44,1761237,6267110,140455
New York City MTA Rail,Transit,10/29/2020,44,1661284,6045085,140455
New York City MTA Rail,Transit,10/30/2020,44,1678485,6201157,140455
San Francisco BART Rail,Transit,10/19/2020,43,51624,425900,7582
San Francisco BART Rail,Transit,10/20/2020,43,53785,425900,7582
San Francisco BART Rail,Transit,10/21/2020,43,54514,425900,7582
San Francisco BART Rail,Transit,10/22/2020,43,54513,425900,7582
San Francisco BART Rail,Transit,10/23/2020,43,55187,425900,7582
San Francisco BART Rail,Transit,10/24/2020,43,30724,161700,7582
San Francisco BART Rail,Transit,10/25/2020,43,22122,111200,7582
San Francisco BART Rail,Transit,10/26/2020,44,50927,410700,7582
San Francisco BART Rail,Transit,10/27/2020,44,54337,410700,7582
San Francisco BART Rail,Transit,10/28/2020,44,54806,410700,7582
San Francisco BART Rail,Transit,10/29/2020,44,55360,410700,7582
San Francisco BART Rail,Transit,10/30/2020,44,55705,410700,7582
San Francisco BART Rail,Transit,10/31/2020,44,30152,146300,7582
San Francisco BART Rail,Transit,11/01/2020,44,22698,103800,7582
New York City MTA Rail,Transit,10/31/2020,45,1023591,2993347,140455
New York City MTA Rail,Transit,11/01/2020,45,815280,3231996,140455
New York City MTA Rail,Transit,11/02/2020,45,1682318,6002760,140455
New York City MTA Rail,Transit,11/03/2020,45,1556473,5786238,140455
New York City MTA Rail,Transit,11/04/2020,45,1632858,6278877,140455
New York City MTA Rail,Transit,11/05/2020,45,1864417,6279268,140455
New York City MTA Rail,Transit,11/06/2020,45,2209812,6068926,140455
San Francisco BART Rail,Transit,11/02/2020,45,53287,410700,7582
San Francisco BART Rail,Transit,11/03/2020,45,52036,410700,7582
San Francisco BART Rail,Transit,11/04/2020,45,51903,410700,7582
San Francisco BART Rail,Transit,11/05/2020,45,54566,410700,7582
San Francisco BART Rail,Transit,11/06/2020,45,,,0
San Francisco BART Rail,Transit,11/07/2020,45,,,0
San Francisco BART Rail,Transit,11/08/2020,45,,,0
New York City MTA Rail,Transit,11/07/2020,46,1077091,3019392,140455
New York City MTA Rail,Transit,11/08/2020,46,892649,2681927,140455
New York City MTA Rail,Transit,11/09/2020,46,1679031,4953995,140455
New York City MTA Rail,Transit,11/10/2020,46,1764664,6029537,140455
New York City MTA Rail,Transit,11/11/2020,46,1556183,6062526,140455
New York City MTA Rail,Transit,11/12/2020,46,1694204,6653016,140455
New York City MTA Rail,Transit,11/13/2020,46,1714723,6307338,140455
New York City MTA Rail,Transit,11/14/2020,47,1053804,3483515,140455
New York City MTA Rail,Transit,11/15/2020,47,1427310,2595446,140455
New York City MTA Rail,Transit,11/16/2020,47,1656563,5777287,140455
New York City MTA Rail,Transit,11/17/2020,47,2052858,6132152,140455
New York City MTA Rail,Transit,11/18/2020,47,2099873,6208084,140455
New York City MTA Rail,Transit,11/19/2020,47,1675784,6249294,140455
New York City MTA Rail,Transit,11/20/2020,47,2029749,6122842,140455
San Francisco BART Rail,Transit,11/09/2020,46,51850,410700,7582
San Francisco BART Rail,Transit,11/10/2020,46,54464,410700,7582
San Francisco BART Rail,Transit,11/11/2020,46,46593,192300,7582
San Francisco BART Rail,Transit,11/12/2020,46,55171,410700,7582
San Francisco BART Rail,Transit,11/13/2020,46,51597,410700,7582
San Francisco BART Rail,Transit,11/14/2020,46,29366,146300,7582
San Francisco BART Rail,Transit,11/15/2020,46,21465,103800,7582
San Francisco BART Rail,Transit,11/16/2020,47,52357,410700,7582
San Francisco BART Rail,Transit,11/17/2020,47,49295,410700,7582
San Francisco BART Rail,Transit,11/18/2020,47,51845,410700,7582
San Francisco BART Rail,Transit,11/19/2020,47,53044,410700,7582
San Francisco BART Rail,Transit,11/20/2020,47,52703,410700,7582
San Francisco BART Rail,Transit,11/21/2020,47,,146300,0
San Francisco BART Rail,Transit,11/22/2020,47,,103800,0
WMATA Bus and Rail,Transit,11/02/2020,45,275000,1059658,51000
WMATA Bus and Rail,Transit,11/03/2020,45,273000,1129545,51000
WMATA Bus and Rail,Transit,11/04/2020,45,270000,1186364,51000
WMATA Bus and Rail,Transit,11/05/2020,45,285000,1140071,51000
WMATA Bus and Rail,Transit,11/06/2020,45,284000,1047024,51000
WMATA Bus and Rail,Transit,11/07/2020,45,219000,471314,51000
WMATA Bus and Rail,Transit,11/08/2020,45,156000,340870,51000
WMATA Bus and Rail,Transit,11/09/2020,46,279000,1058013,51000
WMATA Bus and Rail,Transit,11/10/2020,46,295000,1088537,51000
WMATA Bus and Rail,Transit,11/11/2020,46,195000,635417,51000
WMATA Bus and Rail,Transit,11/12/2020,46,260000,1091279,51000
WMATA Bus and Rail,Transit,11/13/2020,46,296000,1030667,51000
WMATA Bus and Rail,Transit,11/14/2020,46,217000,442870,51000
WMATA Bus and Rail,Transit,11/15/2020,46,137000,310641,51000
WMATA Bus and Rail,Transit,11/16/2020,47,262000,1069963,51000
WMATA Bus and Rail,Transit,11/17/2020,47,261000,1125813,51000
WMATA Bus and Rail,Transit,11/18/2020,47,258000,1124390,51000
WMATA Bus and Rail,Transit,11/19/2020,47,270000,1128788,51000
WMATA Bus and Rail,Transit,11/20/2020,47,291000,1021429,51000
WMATA Bus and Rail,Transit,11/21/2020,47,192000,436364,51000
WMATA Bus and Rail,Transit,11/22/2020,47,145000,330476,51000
New York City MTA Rail,Transit,11/21/2020,48,1005784,2970300,140455
New York City MTA Rail,Transit,11/22/2020,48,779121,2622587,140455
New York City MTA Rail,Transit,11/23/2020,48,1887217,5867874,140455
New York City MTA Rail,Transit,11/24/2020,48,2343273,6079285,140455
New York City MTA Rail,Transit,11/25/2020,48,1606806,5567912,140455
New York City MTA Rail,Transit,11/26/2020,48,649364,2287654,140455
New York City MTA Rail,Transit,11/27/2020,48,1923031,3533269,140455
WMATA Bus and Rail,Transit,11/23/2020,48,264000,1018803,51000
WMATA Bus and Rail,Transit,11/24/2020,48,274000,1019551,51000
WMATA Bus and Rail,Transit,11/25/2020,48,280000,793750,51000
WMATA Bus and Rail,Transit,11/26/2020,48,105000,191304,51000
WMATA Bus and Rail,Transit,11/27/2020,48,228000,726891,51000
WMATA Bus and Rail,Transit,11/28/2020,48,192000,436364,51000
WMATA Bus and Rail,Transit,11/29/2020,48,145000,330476,51000
San Francisco BART Rail,Transit,11/23/2020,48,50256,410700,7582
San Francisco BART Rail,Transit,11/24/2020,48,52091,410700,7582
San Francisco BART Rail,Transit,11/25/2020,48,49371,410700,7582
San Francisco BART Rail,Transit,11/26/2020,48,13628,192300,7582
San Francisco BART Rail,Transit,11/27/2020,48,31979,192300,7582
San Francisco BART Rail,Transit,11/28/2020,48,25882,146300,7582
San Francisco BART Rail,Transit,11/29/2020,48,19396,103800,7582
